1,PR,2021
2,IT,2018
3,ADV,2018
4,IT,2021
5,IT,2019
6,FR,2018
7,PR,2020
8,L&R,2020
9,IT,2017
10,PR,2021
11,L&R,2020
12,ADV,2021
13,HR,2019
14,FR,2017
15,L&R,2021
16,L&R,2018
17,HR,2019
18,L&R,2019
19,HR,2020
20,PR,2020
21,ADV,2017
22,HR,2020
23,HR,2020
24,HR,2020
25,FR,2020
26,HR,2021
27,HR,2017
28,HR,2019
29,FR,2019
30,IT,2021
31,PR,2017
32,HR,2019
33,ADV,2020
34,IT,2021
35,IT,2018
36,L&R,2020
37,PR,2020
38,ADV,2020
39,ADV,2019
40,PR,2021
41,PR,2020
42,HR,2017
43,PR,2018
44,FR,2019
45,ADV,2018
46,ADV,2018
47,PR,2019
48,L&R,2017
49,IT,2019
50,ADV,2020
51,PR,2020
52,HR,2018
53,PR,2018
54,HR,2021
55,FR,2017
56,L&R,2020
57,IT,2017
58,HR,2017
59,ADV,2019
60,L&R,2017
61,FR,2017
62,FR,2021
63,IT,2021
64,L&R,2017
65,IT,2018
66,IT,2020
67,IT,2018
68,ADV,2020
69,PR,2018
70,PR,2019
71,HR,2017
72,ADV,2017
73,L&R,2018
74,FR,2017
75,PR,2017
76,L&R,2021
77,IT,2019
78,ADV,2017
79,ADV,2020
80,L&R,2017
81,PR,2019
82,PR,2017
83,IT,2017
84,PR,2021
85,FR,2020
86,ADV,2020
87,HR,2017
88,L&R,2018
89,PR,2018
90,HR,2017
91,HR,2020
92,IT,2018
93,ADV,2018
94,PR,2020
95,ADV,2021
96,IT,2021
97,IT,2020
98,IT,2020
99,PR,2020
100,L&R,2019
101,L&R,2018
102,L&R,2017
103,IT,2021
104,IT,2018
105,PR,2021
106,FR,2020
107,FR,2021
108,ADV,2018
109,ADV,2018
110,PR,2020
111,IT,2021
112,IT,2017
113,PR,2019
114,FR,2019
115,L&R,2021
116,FR,2017
117,L&R,2020
118,FR,2017
119,HR,2017
120,IT,2017
121,IT,2020
122,HR,2020
123,FR,2018
124,L&R,2018
125,IT,2019
126,HR,2018
127,PR,2017
128,FR,2019
129,PR,2020
130,PR,2019
131,FR,2019
132,PR,2021
133,L&R,2017
134,PR,2021
135,PR,2019
136,HR,2020
137,HR,2021
138,FR,2018
139,HR,2020
140,PR,2018
141,HR,2019
142,L&R,2021
143,ADV,2018
144,IT,2017
145,HR,2018
146,HR,2020
147,IT,2021
148,ADV,2019
149,ADV,2019
150,IT,2020
151,FR,2020
152,L&R,2018
153,IT,2021
154,PR,2019
155,IT,2020
156,IT,2019
157,PR,2020
158,PR,2021
159,HR,2017
160,ADV,2020
161,L&R,2018
162,HR,2020
163,IT,2018
164,ADV,2020
165,FR,2017
166,HR,2018
167,HR,2021
168,PR,2017
169,ADV,2020
170,FR,2021
171,FR,2020
172,IT,2017
173,L&R,2019
174,IT,2021
175,IT,2019
176,HR,2017
177,HR,2019
178,HR,2017
179,IT,2021
180,PR,2021
181,HR,2018
182,ADV,2021
183,L&R,2020
184,L&R,2019
185,FR,2021
186,HR,2021
187,FR,2019
188,FR,2018
189,L&R,2019
190,ADV,2018
191,ADV,2020
192,PR,2021
193,L&R,2018
194,IT,2017
195,ADV,2021
196,IT,2020
197,L&R,2017
198,HR,2018
199,PR,2021
200,ADV,2020
201,PR,2019
202,IT,2018
203,FR,2019
204,FR,2021
205,FR,2019
206,HR,2019
207,FR,2018
208,L&R,2017
209,FR,2021
210,FR,2020
211,PR,2020
212,HR,2019
213,L&R,2020
214,HR,2020
215,FR,2020
216,IT,2020
217,PR,2020
218,IT,2020
219,L&R,2021
220,IT,2018
221,FR,2019
222,IT,2018
223,FR,2019
224,ADV,2019
225,ADV,2021
226,ADV,2020
227,ADV,2017
228,FR,2018
229,L&R,2020
230,ADV,2018
231,PR,2020
232,IT,2021
233,L&R,2021
234,L&R,2019
235,L&R,2019
236,FR,2020
237,ADV,2020
238,IT,2019
239,L&R,2020
240,PR,2017
241,IT,2020
242,FR,2021
243,HR,2021
244,ADV,2018
245,ADV,2021
246,IT,2018
247,ADV,2019
248,IT,2020
249,PR,2018
250,FR,2020
251,HR,2018
252,IT,2020
253,IT,2017
254,HR,2017
255,FR,2021
256,PR,2021
257,FR,2021
258,HR,2021
259,ADV,2017
260,IT,2020
261,PR,2018
262,HR,2018
263,PR,2021
264,PR,2017
265,PR,2019
266,HR,2017
267,PR,2019
268,ADV,2020
269,ADV,2021
270,IT,2020
271,ADV,2017
272,HR,2017
273,FR,2020
274,HR,2018
275,L&R,2019
276,ADV,2020
277,IT,2021
278,L&R,2021
279,IT,2021
280,FR,2019
281,PR,2019
282,PR,2018
283,HR,2017
284,ADV,2019
285,HR,2021
286,HR,2018
287,L&R,2021
288,HR,2019
289,HR,2020
290,HR,2019
291,HR,2019
292,HR,2019
293,PR,2021
294,FR,2020
295,ADV,2019
296,PR,2017
297,HR,2017
298,HR,2021
299,HR,2018
300,ADV,2019
301,IT,2019
302,ADV,2021
303,L&R,2019
304,L&R,2018
305,ADV,2017
306,L&R,2018
307,IT,2019
308,FR,2017
309,HR,2019
310,L&R,2021
311,HR,2017
312,ADV,2019
313,IT,2018
314,FR,2020
315,FR,2021
316,ADV,2018
317,HR,2018
318,PR,2019
319,PR,2017
320,PR,2017
321,L&R,2021
322,PR,2021
323,FR,2019
324,IT,2018
325,HR,2018
326,IT,2019
327,HR,2020
328,ADV,2021
329,HR,2021
330,FR,2018
331,HR,2018
332,HR,2017
333,FR,2020
334,ADV,2021
335,ADV,2021
336,FR,2019
337,HR,2020
338,ADV,2020
339,IT,2021
340,FR,2020
341,PR,2021
342,FR,2019
343,HR,2019
344,L&R,2020
345,IT,2021
346,PR,2018
347,FR,2019
348,L&R,2019
349,ADV,2019
350,IT,2017
351,L&R,2018
352,L&R,2020
353,IT,2018
354,ADV,2018
355,PR,2021
356,IT,2019
357,PR,2021
358,FR,2021
359,HR,2018
360,HR,2020
361,L&R,2018
362,PR,2018
363,L&R,2018
364,L&R,2017
365,HR,2021
366,L&R,2017
367,HR,2019
368,FR,2021
369,HR,2021
370,FR,2021
371,ADV,2021
372,PR,2021
373,FR,2019
374,IT,2020
375,PR,2018
376,FR,2019
377,IT,2019
378,PR,2020
379,ADV,2019
380,FR,2020
381,L&R,2020
382,ADV,2021
383,PR,2018
384,FR,2019
385,FR,2017
386,ADV,2021
387,FR,2019
388,HR,2020
389,HR,2021
390,HR,2019
391,ADV,2019
392,L&R,2017
393,IT,2019
394,ADV,2020
395,HR,2019
396,PR,2020
397,L&R,2019
398,L&R,2017
399,HR,2020
400,IT,2020
401,PR,2017
402,IT,2020
403,FR,2021
404,L&R,2019
405,L&R,2020
406,ADV,2021
407,FR,2021
408,L&R,2017
409,HR,2021
410,HR,2018
411,L&R,2019
412,IT,2018
413,PR,2018
414,L&R,2017
415,HR,2019
416,PR,2020
417,ADV,2018
418,L&R,2019
419,FR,2020
420,IT,2020
421,FR,2020
422,FR,2020
423,PR,2019
424,PR,2019
425,PR,2018
426,L&R,2019
427,ADV,2019
428,FR,2019
429,ADV,2021
430,ADV,2021
431,FR,2017
432,HR,2020
433,FR,2017
434,ADV,2020
435,PR,2017
436,PR,2019
437,FR,2019
438,PR,2019
439,HR,2017
440,L&R,2020
441,PR,2018
442,ADV,2018
443,PR,2017
444,IT,2018
445,L&R,2018
446,HR,2020
447,IT,2017
448,ADV,2018
449,FR,2020
450,IT,2018
451,HR,2020
452,FR,2018
453,IT,2018
454,L&R,2018
455,L&R,2020
456,L&R,2020
457,ADV,2018
458,ADV,2020
459,L&R,2017
460,ADV,2017
461,HR,2021
462,ADV,2020
463,HR,2018
464,ADV,2020
465,FR,2021
466,IT,2021
467,FR,2018
468,FR,2019
469,ADV,2019
470,ADV,2019
471,PR,2021
472,PR,2019
473,HR,2021
474,ADV,2021
475,IT,2020
476,HR,2020
477,L&R,2019
478,FR,2018
479,L&R,2019
480,ADV,2017
481,FR,2020
482,PR,2019
483,ADV,2021
484,IT,2019
485,IT,2021
486,PR,2019
487,L&R,2021
488,ADV,2019
489,PR,2020
490,PR,2020
491,ADV,2017
492,PR,2021
493,FR,2020
494,FR,2017
495,FR,2021
496,HR,2018
497,IT,2019
498,IT,2019
499,PR,2020
500,PR,2017
501,IT,2021
502,PR,2019
503,IT,2021
504,PR,2020
505,FR,2018
506,FR,2021
507,ADV,2017
508,IT,2017
509,HR,2017
510,IT,2019
511,L&R,2018
512,ADV,2021
513,FR,2019
514,IT,2021
515,L&R,2019
516,ADV,2019
517,FR,2018
518,FR,2021
519,FR,2021
520,FR,2019
521,FR,2020
522,L&R,2018
523,PR,2018
524,FR,2017
525,L&R,2018
526,PR,2021
527,IT,2019
528,PR,2017
529,FR,2018
530,FR,2019
531,L&R,2018
532,FR,2017
533,ADV,2019
534,ADV,2021
535,ADV,2019
536,HR,2021
537,ADV,2021
538,HR,2017
539,IT,2017
540,HR,2021
541,L&R,2021
542,FR,2020
543,ADV,2020
544,L&R,2020
545,L&R,2017
546,IT,2020
547,PR,2018
548,ADV,2020
549,PR,2020
550,PR,2018
551,IT,2019
552,IT,2019
553,PR,2021
554,HR,2020
555,PR,2020
556,ADV,2017
557,IT,2018
558,IT,2021
559,FR,2017
560,FR,2018
561,L&R,2019
562,FR,2020
563,L&R,2017
564,HR,2018
565,L&R,2018
566,PR,2021
567,IT,2017
568,FR,2018
569,PR,2019
570,ADV,2018
571,ADV,2021
572,ADV,2018
573,HR,2019
574,FR,2018
575,L&R,2021
576,IT,2021
577,HR,2020
578,ADV,2018
579,HR,2019
580,PR,2017
581,FR,2020
582,IT,2021
583,L&R,2019
584,L&R,2020
585,PR,2018
586,IT,2017
587,ADV,2021
588,ADV,2021
589,PR,2020
590,HR,2020
591,ADV,2020
592,IT,2018
593,PR,2021
594,FR,2018
595,IT,2021
596,FR,2020
597,ADV,2017
598,L&R,2019
599,HR,2021
600,ADV,2019
601,IT,2021
602,IT,2017
603,ADV,2018
604,IT,2019
605,HR,2019
606,FR,2019
607,HR,2021
608,L&R,2021
609,HR,2021
610,L&R,2020
611,PR,2017
612,ADV,2021
613,PR,2020
614,HR,2019
615,IT,2021
616,L&R,2017
617,IT,2018
618,FR,2017
619,ADV,2019
620,IT,2018
621,L&R,2018
622,FR,2021
623,IT,2017
624,IT,2020
625,L&R,2018
626,L&R,2018
627,HR,2017
628,PR,2021
629,ADV,2021
630,IT,2017
631,HR,2021
632,PR,2020
633,FR,2020
634,ADV,2018
635,IT,2019
636,FR,2019
637,IT,2019
638,L&R,2019
639,L&R,2019
640,IT,2018
641,ADV,2018
642,HR,2018
643,ADV,2018
644,PR,2018
645,IT,2020
646,PR,2021
647,FR,2019
648,L&R,2019
649,L&R,2021
650,HR,2020
651,HR,2021
652,L&R,2018
653,PR,2019
654,ADV,2020
655,FR,2020
656,PR,2019
657,IT,2021
658,IT,2017
659,ADV,2019
660,IT,2020
661,IT,2020
662,L&R,2019
663,L&R,2017
664,ADV,2019
665,HR,2019
666,IT,2019
667,FR,2021
668,FR,2017
669,L&R,2017
670,HR,2021
671,FR,2019
672,FR,2018
673,PR,2018
674,L&R,2019
675,HR,2020
676,FR,2019
677,L&R,2019
678,IT,2019
679,PR,2017
680,PR,2021
681,ADV,2020
682,PR,2018
683,FR,2020
684,IT,2021
685,FR,2018
686,PR,2020
687,FR,2019
688,IT,2017
689,PR,2019
690,PR,2021
691,HR,2018
692,ADV,2019
693,PR,2018
694,HR,2017
695,IT,2019
696,L&R,2020
697,PR,2017
698,FR,2019
699,FR,2021
700,IT,2020
701,L&R,2018
702,HR,2021
703,HR,2017
704,HR,2017
705,IT,2021
706,IT,2018
707,HR,2020
708,L&R,2017
709,L&R,2019
710,PR,2017
711,ADV,2018
712,FR,2017
713,ADV,2018
714,HR,2021
715,FR,2020
716,FR,2017
717,HR,2019
718,IT,2018
719,IT,2019
720,PR,2021
721,L&R,2019
722,ADV,2018
723,HR,2021
724,ADV,2021
725,FR,2020
726,HR,2019
727,L&R,2021
728,HR,2021
729,FR,2021
730,ADV,2018
731,IT,2021
732,FR,2019
733,HR,2019
734,HR,2018
735,FR,2020
736,FR,2020
737,PR,2017
738,HR,2021
739,L&R,2018
740,PR,2020
741,FR,2021
742,IT,2018
743,FR,2017
744,ADV,2018
745,IT,2018
746,HR,2019
747,IT,2017
748,PR,2020
749,IT,2019
750,HR,2020
751,IT,2020
752,FR,2017
753,IT,2020
754,IT,2021
755,IT,2019
756,ADV,2017
757,IT,2021
758,PR,2020
759,L&R,2020
760,PR,2020
761,FR,2019
762,IT,2019
763,ADV,2021
764,ADV,2020
765,HR,2017
766,L&R,2017
767,IT,2021
768,IT,2021
769,IT,2021
770,HR,2020
771,IT,2020
772,FR,2018
773,PR,2018
774,FR,2017
775,L&R,2019
776,IT,2020
777,FR,2017
778,IT,2017
779,ADV,2020
780,ADV,2021
781,PR,2021
782,IT,2018
783,HR,2017
784,PR,2021
785,PR,2020
786,PR,2018
787,ADV,2020
788,ADV,2018
789,IT,2021
790,L&R,2019
791,PR,2020
792,PR,2021
793,L&R,2020
794,L&R,2018
795,L&R,2021
796,FR,2021
797,ADV,2021
798,FR,2019
799,PR,2021
800,IT,2020
801,IT,2017
802,L&R,2020
803,PR,2017
804,L&R,2018
805,L&R,2021
806,IT,2019
807,HR,2020
808,ADV,2020
809,ADV,2017
810,HR,2020
811,IT,2017
812,FR,2017
813,ADV,2021
814,HR,2020
815,HR,2020
816,FR,2018
817,IT,2017
818,PR,2019
819,FR,2020
820,FR,2019
821,PR,2018
822,ADV,2018
823,L&R,2019
824,FR,2021
825,PR,2020
826,FR,2021
827,FR,2021
828,PR,2021
829,FR,2017
830,HR,2020
831,ADV,2018
832,IT,2020
833,ADV,2021
834,PR,2017
835,FR,2018
836,L&R,2021
837,FR,2019
838,IT,2017
839,HR,2021
840,FR,2018
841,ADV,2020
842,ADV,2020
843,IT,2018
844,PR,2021
845,IT,2021
846,PR,2020
847,L&R,2021
848,FR,2019
849,ADV,2021
850,HR,2017
851,PR,2020
852,FR,2020
853,IT,2018
854,FR,2021
855,IT,2020
856,IT,2018
857,IT,2020
858,PR,2018
859,FR,2017
860,PR,2018
861,PR,2018
862,ADV,2020
863,L&R,2017
864,L&R,2017
865,HR,2018
866,IT,2021
867,IT,2021
868,HR,2018
869,IT,2019
870,L&R,2017
871,PR,2021
872,PR,2017
873,HR,2019
874,HR,2019
875,IT,2019
876,IT,2020
877,ADV,2020
878,FR,2020
879,IT,2020
880,ADV,2020
881,HR,2017
882,FR,2020
883,IT,2020
884,FR,2020
885,L&R,2020
886,HR,2017
887,L&R,2017
888,HR,2018
889,FR,2020
890,FR,2017
891,IT,2020
892,PR,2020
893,IT,2019
894,HR,2020
895,ADV,2017
896,L&R,2017
897,L&R,2021
898,PR,2019
899,PR,2019
900,L&R,2020
901,FR,2019
902,L&R,2020
903,L&R,2017
904,PR,2021
905,L&R,2017
906,ADV,2020
907,L&R,2020
908,L&R,2021
909,IT,2021
910,L&R,2017
911,ADV,2018
912,IT,2020
913,PR,2020
914,FR,2020
915,ADV,2018
916,HR,2019
917,FR,2019
918,ADV,2017
919,IT,2017
920,PR,2019
921,HR,2020
922,PR,2020
923,FR,2019
924,PR,2018
925,ADV,2021
926,ADV,2019
927,L&R,2019
928,FR,2017
929,FR,2018
930,PR,2020
931,PR,2018
932,L&R,2019
933,L&R,2019
934,HR,2018
935,FR,2021
936,PR,2021
937,L&R,2020
938,HR,2019
939,L&R,2018
940,ADV,2020
941,ADV,2019
942,IT,2019
943,PR,2020
944,ADV,2019
945,PR,2020
946,ADV,2019
947,PR,2018
948,L&R,2020
949,ADV,2020
950,L&R,2017
951,ADV,2017
952,ADV,2018
953,PR,2019
954,FR,2021
955,L&R,2019
956,FR,2020
957,L&R,2018
958,FR,2021
959,ADV,2020
960,PR,2018
961,FR,2018
962,ADV,2021
963,IT,2019
964,L&R,2019
965,PR,2021
966,IT,2020
967,HR,2020
968,L&R,2019
969,HR,2019
970,FR,2018
971,IT,2019
972,FR,2021
973,IT,2017
974,ADV,2021
975,ADV,2021
976,HR,2017
977,FR,2021
978,ADV,2017
979,HR,2021
980,ADV,2021
981,PR,2020
982,FR,2017
983,L&R,2018
984,HR,2020
985,HR,2021
986,ADV,2019
987,HR,2021
988,L&R,2018
989,HR,2018
990,HR,2018
991,IT,2021
992,IT,2021
993,FR,2019
994,PR,2019
995,IT,2020
996,IT,2019
997,ADV,2019
998,FR,2021
999,FR,2018
1000,PR,2021
